0,1-9317945942,ANAND,KNOWLEDGE INSTITUTE OF TECHNOLOGY AND ENGINEERING
1,1-9317945636,MEHSANA,"M.L.INSTITUTE OF DIPLOMA STUDIES, BHANDU"
2,1-9317952940,SURAT,METAS ADVENTIST COLLEGE
3,1-9317960270,GANDHINAGAR,EXCEL INSTITUTE OF DIPLOMA STUDIES
4,1-9317959960,RAJKOT,SUNSHINE EDUCATIONAL TRUST GROUP OF INSTITUTIONS
5,1-9318033986,MEHSANA,DR.NATUBHAI.P.PATEL POLYTECHNIC
6,1-9318035539,SURAT,SHRIMAD RAJCHANDRA INSTITUTE OF MANAGEMENT AND COMPUTER APPLICATION
7,1-9318030985,ANAND,SARDAR PATEL COLLEGE OF ADMINISTRATION & MANAGEMENT
8,1-9318047870,VADODARA,"GOVERNMENT POLYTECHNIC, CHHOTAUDEPUR"
9,1-9318049551,AHMEDABAD,APOLLO INSTITUTE OF ENGGINEERING & TECHNOLOGY
10,1-9318031269,AHMEDABAD,ASIA PACIFIC INSTITUTE OF HOTEL MANAGEMENT
11,1-9318043241,SABARKANTHA,"GOVERNMENT ENGINEERING COLLEGE, MODASA"
12,1-9318043981,MEHSANA,SHREE VASUDEVBHAI AND KANTIBHAI PATEL INSTITUTE OF ENGINEERING
13,1-9318032497,AMRELI,SMT SHANTABEN HARIBHAI GAJERA ENGINEERING COLLEGE
14,1-9318049847,GANDHINAGAR,KALOL INSTITUTE OF PHARMACY
15,1-9318050025,JUNAGADH,OM ENGINEERING COLLEGE
16,1-9318064771,ANAND,M N COLLEGE OF PHARMACY
17,1-9318051570,SURAT,MAHAVIR SWAMI COLLEGE OF POLYTECHNIC
18,1-9318051767,JUNAGADH,N. R. VEKARIA INSTITUTE OF TECHNOLOGY
19,1-9318999786,SURAT,BHAGWAN MAHAVIR COLLEGE OF HOTEL MANAGEMENT
20,1-9319000049,SURAT,BHAGWAN MAHAVIR COLLEGE OF ARCHITECTURE
21,1-9318015733,JAMNAGAR,INS VALSURA
22,1-9318017534,GANDHINAGAR,SHREE SWAMINARAYAN INSTITUTE OF TECHNOLOGY
23,1-9318033208,SURENDRANAGAR,C. U. SHAH COLLEGE OF MASTER OF COMPUTER APPLICATION
24,1-9318033502,AHMEDABAD,ADITYA SILVER OAK INSTITUTE OF TECHNOLOGY  WITHIN AHMEDABAD MUNICIPAL CORPORATION LIMIT
25,1-9318046064,MEHSANA,GUJARAT POWER ENGINEERING AND RESEARCH INSTITUTE
26,1-9318047330,JAMNAGAR,"KRISHNA INSTITUTE OF ENGINEERING & TECHNOLOGY, JAMNAGAR"
27,1-9318079102,ANAND,DEVANG PATEL INSTITUTE OF ADVANCE TECHNOLOGY AND RESEARCH
28,1-9318085438,VADODARA,"POLYTECHNIC, THE MAHARAJA SAYAJIRAO UNIVERSITY OF BARODA"
29,1-9318071754,NAVSARI,"GOVERNMENT POLYTECHNIC,NAVSARI"
30,1-9318067001,KHEDA,R. H. PATEL INSTITUTE OF MANAGEMENT
31,1-9318079506,VALSAD,SMT. B.N.B SWAMINARAYAN PHARMACY COLLEGE
32,1-9318079667,VALSAD,"LAXMI INSTITUTE OF MANAGEMENT, SARIGAM"
33,1-9318083481,KUTCH,HJD INSTITUTE OF TECHNICAL EDUCATION AND RESERCH
34,1-9318083831,SURAT,SHREE NARANJIBHAI LALBHAI PATEL COLLEGE OF PHARMACY
35,1-9318066146,SURENDRANAGAR,"B. PHARMACY COLLEGE, NAVALGADH"
36,1-9318066261,RAJKOT,GOVERNMENT POLYTECHNIC RAJKOT
37,1-9318083336,KUTCH,"DEPARTMENT OF COMMERCE & MANAGEMENT, K.S.K.V. KACHCHH UNIVERSITY, BHUJ."
38,1-9318084507,ANAND,INDUKAKA IPCOWALA INSTITUTE OF MANAGEMENT
39,1-9318084150,MEHSANA,LALJIBHAI CHATURBHAI INSTITUTE OF TECHNOLOGY
40,1-9318067699,KUTCH,GOVERNMENT ENGINEERING COLLEGE BHUJ
41,1-9318085135,PATAN,KILACHAND DEVCHAND POLYTECHNIC
42,1-9318071420,PATAN,PG DEPARTMENT OF COMPUTER SCIENCE
43,1-9318071504,AHMEDABAD,"GOVERNMENT MCA COLLEGE, MANINAGAR(EAST)"
44,1-9318090254,SURAT,SHREE DHANVANTARY COLLEGE OF POST GRADUATE BUSINESS MANAGEMENT
45,1-9318104533,MEHSANA,S.V. INSTITUTE OF MANAGEMENT
46,1-9318102179,NAVSARI,VALLABH BUDHI POLYTECHNIC
47,1-9318103026,RAJKOT,A. V. PAREKH TECHNICAL INSTITUTE
48,1-9318104329,JAMNAGAR,PARAM INSTITUTE OF MANAGEMENT & RESEARCH
49,1-9318102398,BHAVNAGAR,GOVERNMENT ENGINEERING COLLEGE
50,1-9318102598,GANDHINAGAR,CHAUDHARI TECHNICAL INSTITUTE
51,1-9318097723,SURAT,BHAGWAN MAHAVIR COLLEGE OF MANAGEMENT
52,1-9318117525,VALSAD,"LAXMI INSTITUTE OF TECHNOLOGY, SARIGAM"
53,1-9318127880,VALSAD,GIDC RAJJU SHROFF ROFEL INSTITUTE OF MANAGEMENT STUDIES
54,1-9318117950,AHMEDABAD,GUJARAT TECHNOLOGICAL UNIVERSITY - GRADUATE SCHOOL OF ENGINEERING AND TECHNOLOGY
55,1-9318118166,PATAN,STATE INSTITUTE OF HOTEL MANAGMENT GUJARAT
56,1-9318129239,KUTCH,SRK INSTITUTE OF MANAGEMENT AND COMPUTER EDUCATION
57,1-9318102098,VADODARA,ELECTRONICS AND MECHANICAL ENGINEERING SCHOOL
58,1-9318104683,KUTCH,TOLANI INSTITUTE OF PHARMACY
59,1-9318104802,AHMEDABAD,AHMEDABAD INSTITUTE OF TECHNOLOGY
60,1-9318105199,AHMEDABAD,MICA
61,1-9318096223,KUTCH,TOLANI MOTWANE INSTITUTE OF MANAGEMENT STUDIES
62,1-9318100402,SURAT,SHREE SWAMI ATMANAND SARASWATI INSTITUTE OF TECHNOLOGY
63,1-9318136967,MEHSANA,ACHARYA MOTIBHAI PATEL INSTITUTE OF COMPUTER STUDIES
64,1-9318136342,SABARKANTHA,SAMARTH COLLEGE OF ENGINEERING & TECHNOLOGY
65,1-9318257131,KHEDA,IMAGE ENGINEERING & TECHNICAL  INSTITUTE
66,1-9318241160,AHMEDABAD,"GOVERNMENT POLYTECHNIC , AHMEDABAD"
67,1-9318227148,KHEDA,D.A.DIPLOMA ENGINEERING & TECHNOLOGY
68,1-9318182149,GANDHINAGAR,SCHOOL OF TECHNOLOGY (THE CONSTITUENT SCHOOL ?PANDIT DEENDAYAL PETROLEUM UNIVERSITY?)
69,1-9318243886,AMRELI,"DR. JIVRAJ N. MEHTA GOVERNMENT POLYTECHNIC, AMRELI"
70,1-9318197645,DAHOD,"GOVERNMENT POLYTECHNIC, DAHOD"
71,1-9318211960,SABARKANTHA,VEDVYAS POLYTECHNIC
72,1-9318257768,AHMEDABAD,GOVERNMENT POLYTECHNIC FOR GIRLS
73,1-9330004601,BANASKANTHA,GOVERNMENT POLYTECHNIC PALANPUR
74,1-9327164330,AHMEDABAD,NARAYANA BUSINESS SCHOOL
75,1-9328123861,SURAT,"GOVERNMENT POLYTECHNIC, VYARA"
76,1-9323304169,RAJKOT,"SAURASHTRA UNIVERSITY, DEPARTMENT OF PHARMCEUTICAL SCIENCES"
77,1-9331003944,ANAND,POST GRADUATE DEPARTMENT OF BUSINESS MANAGEMENT
78,1-9327093446,VADODARA,NATIONAL RAIL AND TRANSPORTATION INSTITUTE
79,1-9327109730,AHMEDABAD,NEW L J INSTITUTE OF ENGINEERING AND TECHNOLOGY
80,1-9319689491,SURAT,N.G. PATEL POLYTECHINC
81,1-9321404813,VADODARA,S.B.POLYTECHNIC
82,1-9321466777,AHMEDABAD,AMIRAJ COLLEGE OF ENGINEERING & TECHNOLOGY
83,1-9321541527,GANDHINAGAR,GOVERNMENT PHARMACY COLLEGE GANDHINAGAR
84,1-9322197820,BHAVNAGAR,SHRI J.M.SABVA INSTITUTE OF ENGINEERING & TECHNOLOGY
85,1-9321606464,AHMEDABAD,SAL INSTITUTE OF DIPLOMA STUDIES
86,1-9321659530,AHMEDABAD,HASMUKH GOSWAMI COLLEGE OF ENGINEERING
87,1-9322200677,AHMEDABAD,SWAMI KRISHNAJIVANDASJI INSTITUTE OF TECHNOLOGY
88,1-9321418184,JUNAGADH,BALAJI INSTITUTE OF ENGINEERING & TECHNOLOGY
89,1-9321476719,SURAT,VIDHYADEEP INSTITUTE OF ENGINEERING AND TECHNOLOGY
90,1-9321732054,AHMEDABAD,ADANI INSTITUTE OF INFRASTRUCTURE MANAGEMENT
91,1-9321989047,RAJKOT,"ATMIYA INSTITUTE OF TECHNOLOGY & SCIENCE FOR DIPLOMA STUDIES,"
92,1-9321581838,SURAT,GOVERNMENT PHARMACY COLLEGE SURAT
93,1-9321503151,SABARKANTHA,"D.L.PATEL INSTITUTE OF MANAGEMENT & TECHNOLOGY,MCA COLLEGE"
94,1-9321695429,RAJKOT,ATMIYA UNIVERSITY
95,1-9321945507,BHARUCH,VALIA POLYTECHNIC COLLEGE
96,1-9321945719,BHAVNAGAR,SHANTILAL SHAH ENGINEERING COLLEGE
97,1-9321438834,ANAND,CHANDUBHAI S. PATEL INSTITUTE OF TECHNOLOGY
98,1-9322170570,BHAVNAGAR,GYANMANJARI INSTITUTE OF TECHNOLOGY
99,1-9321445062,AHMEDABAD,NARNARAYAN SHASTRI INSTITUTE OF TECHNOLOGY
100,1-9321703624,AHMEDABAD,R. B. INSITUTE OF MANAGEMENT STUDIES
101,1-9321704798,AHMEDABAD,SAL INSTITUTE OF MANAGEMENT
102,1-9321824982,BHARUCH,GOVERNMENT POLYTECHNIC RAJPIPLA
103,1-9322188957,PANCHMAHAL,"ENGINEERING COLLEGE, TUWA"
104,1-9322131311,SABARKANTHA,ARRDEKTA INSTITUTE OF TECHNOLOGY
105,1-9322048426,JUNAGADH,AMRUT INSTITUTE JUNAGADH
106,1-9322052259,SURAT,MALIBA PHARMACY COLLEGE
107,1-9322243850,AHMEDABAD,L. J. INSTITUTE OF ENGINEERING & TECHNOLOGY
108,1-9322246358,ANAND,SMT.CHANDABEN MOHANBHAI PATEL INSTITUTE OF COMPUTER APPLICATIONS CMPICA
109,1-9322246480,BHAVNAGAR,SHREE SAMANVAY INSTITUTE OF MBA
110,1-9322496089,GANDHINAGAR,K.B.INTITUTE OF PHARMACEUTICAL EDUCTION AND RESEARCH
111,1-9322251490,VADODARA,VADODARA INSTITUTE OF ENGINEERING
112,1-9322323307,VADODARA,SIGMA INSTITUTE OF PHARMACY
113,1-9319996108,SURAT,DIWALIBA POLYTECHNIC
114,1-9322401854,KHEDA,R.H PATEL INSTITUTE OF TECHNOLOGY
115,1-9322403051,AHMEDABAD,SAL ENGINEERING & TECHNICAL INSTITUTE
116,1-9320364251,ANAND,A.D.PATEL INSTITUTE OF TECHNOLOGY
117,1-9320431619,MEHSANA,NOOTAN PHARMACY COLLEGE
118,1-9322092644,RAJKOT,CHRIST POLYTECHNIC INSTITUTE
119,1-9322095887,SURENDRANAGAR,C. U. SHAH COLLEGE OF ENGINEERING & TECHNOLOGY
120,1-9322097449,SURAT,A. Y. DADABHAI TECHNICAL INSTITUTE
121,1-9322344876,AHMEDABAD,L J INSTITUTE OF PHARMACY
122,1-9322410876,RAJKOT,ARPIT INSTITUTE OF ENGINEERING AND TECHNOLOGY (DIPLOMA)
123,1-9319956907,PATAN,SEVANTILAL KANTILAL SCHOOL OF BUSINESS MANAGEMENT
124,1-9322097688,SURENDRANAGAR,SHREE PANDIT NATHULALJI VYAS TECHNICAL CAMPUS
125,1-9320062975,AHMEDABAD,GRADUATE SCHOOL OF MANAGEMENT STUDIES
126,1-9322290726,SURENDRANAGAR,C.U.SHAH TECHNICAL INSTITUTE OF DIPLOMA STUDIES
127,1-9322353540,VADODARA,RMS POLYTECHNIC
128,1-9322354837,NAVSARI,PRIME INSTITUTE OF ENGINEERING & TECHNOLOGY
129,1-9322292081,JAMNAGAR,B. H. GARDI COLLEGE OF ENGINEERING & TECHNOLOGY
130,1-9320020402,SURAT,VIDYABHARTI TRUST COLLEGE OF MASTER IN COMPUTER APPLICATION
131,1-9322368900,ANAND,DR. JIVRAJ MEHTA INSTITUTE OF TECHNOLOGY
132,1-9320962303,ANAND,RAMANBHAI PATEL COLLEGE OF PHARMACY
133,1-9320704687,VADODARA,K.J.INSTITUTE OF ENGINEERING & TECHNOLOGY
134,1-9321011828,VADODARA,KRISHNA SCHOOL OF PHARMACY & RESEARCH
135,1-9320713500,ANAND,IPCOWALA INSTITUTE OF ENGINEERING & TECHNOLOGY
136,1-9319840152,MEHSANA,SHRI SARVAJANIK PHARMACY COLLEGE
137,1-9320977137,MEHSANA,V. M. PATEL INSTITUTE OF MANAGEMENT
138,1-9320649891,ANAND,POST GRADUATE DEPARTMENT OF PHARMACEUTICAL SCIENCES
139,1-9320742241,RAJKOT,SMT. R.D. GARDI DEPARTMENT OF BUSINESS MANAGEMENT
140,1-9320742341,PANCHMAHAL,"GOVERNMENT ENGINEERING COLLEGE,GODHRA"
141,1-9321109196,VADODARA,PARUL INSTITUTE OF MANAGEMENT
142,1-9321109364,ANAND,SARDAR VALLABHBHAI PATEL INSTITUTE OF TECHNOLOGY (SVIT)
143,1-9320877587,JUNAGADH,BALAJI ENGINEERING COLLEGE
144,1-9320747690,SURAT,SARVAJANIK COLLEGE OF ENGINEERING & TECHNOLOGY
145,1-9320750148,SURAT,SHREE DHANVANTARY PHARMACY COLLEGE
146,1-9319773224,KHEDA,DHARMSINH DESAI UNIVERSITY
147,1-9320832190,AHMEDABAD,SHANTI BUSINESS SCHOOL
148,1-9320703327,ANAND,MADHUBEN & BHANUBHAI PATEL INSTITUTE OF TECHNOLOGY
149,1-9323189610,PANCHMAHAL,"H.B.PATEL INSTITUTE OF DIPLOMA ENGG. & TECH,LIMBODARA,LUNAVADA"
150,1-9323152871,RAJKOT,B.K.MODY GOVT.PHARMACY COLLEGE
151,1-9323198368,RAJKOT,DARSHAN INSTITUTE OF ENGINEERING & TECHNOLOGY
152,1-9323265717,ANAND,ANAND PHARMACY COLLEGE
153,1-9322798244,GANDHINAGAR,SHRI JAIRAMBHAI PATEL INSTITUTE OF BUSINESS MANAGEMENT AND COMPUTER APPLICATIONS-TECHNICAL CAMPUS
154,1-9322918139,KUTCH,VEERAYATAN INSTITUTE OF PHARMACY
155,1-9323026626,VADODARA,PARUL POLYTECHNIC INSTITUTE
156,1-9323201071,RAJKOT,CHRIST INSTITUTE OF MANAGEMENT
157,1-9323299960,GANDHINAGAR,SHANKERSINH VAGHELA BAPU TECHNICAL CAMPUS
158,1-9322703087,KHEDA,"FACULTY OF PHARMACY, DHARMSINH DESAI UNIVERSITY"
159,1-9323238664,VADODARA,PARUL INSTITUTE OF ENGINEERING & TECHNOLOGY
160,1-9322746055,MEHSANA,MERCHANT ENGINEERING COLLEGE
161,1-9323271206,GANDHINAGAR,VPMP POLYTECHNIC
162,1-9322804824,AHMEDABAD,SAL COLLEGE OF ENGINEERING
163,1-9323120520,SURAT,R. N. G. PATEL INSTITUTE OF TECHNOLOGY RNGPIT
164,1-9323173405,MEHSANA,B. S. PATEL POLYTECHNIC
165,1-9322760738,GANDHINAGAR,SARASWATI INSTITUTE OF PHARMACEUTICAL SCIENCES
166,1-9323041352,VADODARA,PARUL INSTITUTE OF TECHNOLOGY
167,1-9322816777,SABARKANTHA,GROW MORE FOUNDATION'S GROUP OF INSTITUTIONS
168,1-9323280506,SABARKANTHA,"D. L. PATEL INSTITUTE OF MANAGEMENT & TECHNOLOGY, MBA COLLEGE"
169,1-9322716242,VADODARA,PARUL INSTITUTE OF MANAGEMENT AND RESEARCH
170,1-9323135615,MEHSANA,SHREE HARI POLYTECHNIC INSTITUTE
171,1-9323180298,SURAT,TAPI DIPLOMA ENGINEERING COLLEGE
172,1-9323255890,GANDHINAGAR,INDUS INSTITUTE OF TECHNOLOGY &  ENGINEERING
173,1-9322716664,RAJKOT,MARWADI EDUCATION FOUNDATION'S GROUP OF INSTITUTIONS
174,1-9323049012,MEHSANA,"""SHRI SATSANGI SAKETDHAM 'RAM ASHRAM' GROUP OF INSTITUTIONS"""
175,1-9323286691,SURAT,PACIFIC SCHOOL OF ENGINEERING
176,1-9322549844,MEHSANA,"SANKALCHAND PATEL COLLEGE OF ENGINEERING, VISNAGAR"
177,1-9322836002,PANCHMAHAL,"B. PHARMACY COLLEGE, RAMPURA-KAKANPUR"
178,1-9323054470,VADODARA,PARUL INSTITUTE OF ENGINEERING & TECHNOLOGY (DIPLOMA STUDIES)
179,1-9317583900,MEHSANA,U. V. PATEL COLLEGE OF ENGINEERING
180,1-9317596224,BHARUCH,SHRI S'AD VIDYA MANDAL INSTITUTE OF TECHNOLOGY
181,1-9318543156,JUNAGADH,GOVERNMENT POLYTECHNIC - JUNAGADH
182,1-9318325521,PANCHMAHAL,"GOVERNMENT POLYTECHNIC,GODHRA"
183,1-9318325896,SURAT,SHREE DHANVANTARY COLLEGE OF ENGINEERING AND TECHNOLOGY
184,1-9318326087,SABARKANTHA,ASIAN INSTITUTE OF TECHNOLGY
185,1-9318312628,ANAND,"SHIVAM INSTITUTE OF MANAGEMENT, VALASAN (ANAND)"
186,1-9318326254,KUTCH,VEERAYATAN POLYTECHNIC
187,1-9318435741,NAVSARI,PRIME COLLEGE OF DIPLOMA
188,1-9318326863,AHMEDABAD,L. M. COLLEGE OF PHARMACY
189,1-9318327615,AHMEDABAD,GUJARAT TECHNOLOGICAL UNIVERSITY - GRADUATE SCHOOL OF PHARMACY
190,1-9318327736,SURAT,BHAGWAN ARIHANT INSTITUTE OF TECHNOLOGY
191,1-9318424018,SURAT,P P SAVANI SCHOOL OF ENGINEERING
192,1-9318299394,GANDHINAGAR,SCHOOL OF PETROLEUM TECHNOLOGY
193,1-9318299525,RAJKOT,SHREE H.N. SHUKLA COLLEGE OF MANAGEMENT STUDIES
194,1-9318299634,VADODARA,PARUL INSTITUTE OF ARCHITECTURE AND RESEARCH
195,1-9318314869,SURAT,"DEPARTMENT OF COMPUTER SCIENCE, VNSG UNIVERSITY"
196,1-9318424410,ANAND,SARDAR PATEL COLLEGE OF ENGINEERING
197,1-9318299898,AHMEDABAD,INDO GERMAN TOOL ROOM
198,1-9318316062,JUNAGADH,N. R. VEKARIA INSTITUTE OF PHARMACY
199,1-9318316217,KHEDA,DALIA INSTITUTE OF DIPLOMA STUDIES
200,1-9318300209,RAJKOT,ASIATIC INSTITUTE OF SCIENCE & TECHNOLOGY
201,1-9318301441,SURAT,"DR. S. & S. S. GHANDHY GOVERNMENT ENGINEERING COLLEGE, SURAT."
202,1-9318301963,MEHSANA,PATEL GROUP OF INSTITUTIONS
203,1-9318303274,SURAT,"SHRI SITARAMBHAI NARANJI PATEL INSTITUTE OF TECHNOLOGY, MANAGED BY VIDYABHARTI TRUST,UMRAKH -BARDOLI"
204,1-9318303695,KUTCH,T.F.GANDHIDHAM POLYTECHNIC
205,1-9318397706,PORBANDAR,GOVERNMENT POLYTECHNIC PORBANDAR
206,1-9318458294,MEHSANA,SHREE S.K.PATEL COLLEGE OF PHARMACEUTICAL EDUCATION & RESEARCH
207,1-9318458645,JUNAGADH,NARANDAS JETHALAL SONECHA MANAGEMENT & TECHNICAL INSTITUTE
208,1-9318458784,RAJKOT,SMT. R. D. GARDI B. PHARMACY COLLEGE
209,1-9318386172,SABARKANTHA,SAMARTH COLLEGE OF COMPUTER APPLICATION
210,1-9318446278,RAJKOT,SHRI LABHUBHAI TRIVEDI INSTITUTE OF ENGINEERING AND TECHNOLOGY
211,1-9318542637,ANAND,ANAND INSTITUTE OF MANAGEMENT AND INFORMATION SCIENCE
212,1-9318542731,AHMEDABAD,SMT. NILABEN MANUBHAI PADALIA PHARMACY COLLEGE
213,1-9318732790,GANDHINAGAR,SHREE SWAMINARAYAN POLYTEHNIC
214,1-9318733581,BHARUCH,"GOVERNMENT ENGINEERING COLLEGE, BHARUCH"
215,1-9318711086,GANDHINAGAR,SWAMINARAYAN COLLEGE OF ENGINEERING & TECHNOLOGY(DIPLOMA)
216,1-9318736766,GANDHINAGAR,"CSNTRE FOR STUDIES IN RURAL MANAGEMENT, GUJARAT VIDYAPITH"
217,1-9318581731,VADODARA,ELECTRONICS AND MECHANICAL ENGINEERING SCHOOL
218,1-9318582082,AMRELI,SHREE M. L. KAKADIYA MCA MAHILA COLLEGE
219,1-9318582267,AHMEDABAD,NARAYANA BUSIINESS SCHOOL
220,1-9318712135,MEHSANA,NAVSARJAN POLYTECHNIC
221,1-9318712525,MEHSANA,GOVERMENT POLYTECHNIC
222,1-9318582368,BHAVNAGAR,SWAMI SAHAJANAND SCHOOL OF MANAGEMENT BHAVNAGAR
223,1-9318582653,VADODARA,NEOTECH INSTITUTE OF TECHNOLOGY
224,1-9318712695,VALSAD,"GOVERNMENT ENGINEERING COLLEGE, VALSAD"
225,1-9318714161,GANDHINAGAR,"GOVERNMENT POLYTECHNIC, GANDHINAGAR"
226,1-9318719019,SURAT,BHAGWAN MAHAVIR COLLEGE OF ENGINEERING AND TECHNOLOGY
227,1-9318719325,GANDHINAGAR,KALOL INSTITUTE OF TECHNOLOGY & RESEARCH CENTRE
228,1-9318719765,SURAT,C. K. PITHAWALLA INSTITUTE OF PHARMACEUTICAL SCIENCE & RESEARCH
229,1-9318807046,BHARUCH,SHROFF S.R.ROTARY INSTITUTE OF CHEMICAL TECHNOLOGY
230,1-9318808639,GANDHINAGAR,UNITEDWORLD SCHOOL OF BUSINESS
231,1-9318568500,ANAND,"SAT KAIVAL COLLEGE OF PHARMACY,SARSA"
232,1-9318696631,JUNAGADH,OM INSTITUTE OF ENGINEERING AND TECHNOLOGY
233,1-9318763469,BHARUCH,SHRI MH KADAKIA INSTITUTE OF MANAGEMENT & COMPUTER STUDIES
234,1-9318787683,AHMEDABAD,"VISHWAKARMA GOVERNMENT ENGINEERING COLLEGE, CHANDKHEDA"
235,1-9318788332,RAJKOT,LUKHDHIRJI ENGINEERING COLLEGE
236,1-9318810208,RAJKOT,SANJAYBHAI RAJGURU COLLEGE OF DIPLOMA ENGINEERING
237,1-9318699309,VADODARA,PIONEER PHARMACY DEGREE COLLEGE
238,1-9318763582,ANAND,A.R.COLLEGE OF PHARMACY & G.H.PATEL INSTITUTE OF PHARMACY
239,1-9318763843,KUTCH,"GOVERNMENT POLYTECHNIC, BHUJ"
240,1-9318764221,ANAND,BHAILALBHAI & BHIKHABHAI INSTITUTE OF TECHNOLOGY
241,1-9318788829,JAMNAGAR,SHRI JAYSUKHLAL VADHAR INSTITUTE OF MANAGEMENT STUDIES (JVIMS)
242,1-9318571190,ANAND,L B RAO INSTITUTE OF PHARMACEUTICAL EDUCATION & RESEARCH
243,1-9318744857,AHMEDABAD,R. C. TECHNICAL INSTITUTE
244,1-9318766112,AHMEDABAD,ADANI INSTITUTE OF INFRASTRUCTURE ENGINEERING
245,1-9318553684,BHAVNAGAR,SIR BHAVSINHJI POLYTECHNIC INSTITUTE
246,1-9318554129,AHMEDABAD,CENTRAL INSTITUTE OF PETROCHEMICALS ENGINEERING AND TECHNOLOGY
247,1-9318554353,AHMEDABAD,DEPARTMENT OF COMPUTER SCIENCE FACULTY OF MANAGEMENT AND TECHNOLOGY GUJARAT VIDYAPITH AHMEDABAD
248,1-9318573646,DAHOD,"GOVERNMENT ENGINEERING COLLEGE, DAHOD"
249,1-9318683026,ANAND,G H PATEL COLLEGE OF ENGINEERING & TECHNOLOGY
250,1-9318746403,AHMEDABAD,NAVANITLAL RANCHHODLAL INSTITUTE OF BUSINESS MANAGEMENT
251,1-9318767391,RAJKOT,DARSHAN INSTITUTE OF ENGINEERING & TECHNOLOGY FOR DIPLOMA STUDIES
252,1-9318767640,AHMEDABAD,SILVER OAK COLLEGE OF ENGINEERING AND TECHNOLOGY  WITHIN AHMEDABAD MUNICIPAL CORPORATION LIMIT
253,1-9318768324,AHMEDABAD,SAL SCHOOL OF ARCHITECTURE
254,1-9318791394,ANAND,"INDUBHAI PATEL COLLEGE OF PHARMACY AND RESEARCH CENTRE, DHARMAJ"
255,1-9318868356,KHEDA,"GOVERNMENT POLYTECHNIC,KHEDA"
256,1-9318554698,SURAT,DR. S.&S.S. GHANDHY COLLEGE OF ENGINEERING & TECHNOLOGY
257,1-9318575076,SURAT,BHAGWAN MAHAVIR COLLEGE OF PHARMACY
258,1-9318684720,JUNAGADH,SMT. VANITABEN BACHUBHAI NANDOLA MCA COLLEGE
259,1-9318747104,SURAT,S. R. LUTHRA INSTITUTE OF MANAGEMENT
260,1-9318768521,GANDHINAGAR,NAVSARJAN SCHOOL OF TECHNOLOGY
261,1-9318556492,NAVSARI,MAHATMA GANDHI INSTITUTE OF TECHNICAL EDUCATION AND RESEARCH CENTRE
262,1-9318556711,SABARKANTHA,"TATVA INSTITUTE OF TECHNOLOGICAL STUDIE,(TITS),MODASA."
263,1-9318558130,SURAT,BHAGWAN MAHAVIR POLYTECHNIC
264,1-9318629231,SURAT,DR. DAYARAM PATEL PHARMACY COLLEGE
265,1-9318629325,SURAT,C.K.PITHAWALA COLLEGE OF ENGG & TECHNOLOGY
266,1-9318684874,AHMEDABAD,SHREE N M GOPANI POLYTECHNIC INSTITUTE
267,1-9318748759,RAJKOT,SANJAYBHAI RAJGURU COLLEGE OF ENGINEERING
268,1-9318768778,AHMEDABAD,GLS (SHAILESH R. PARIKH) INSTITUTE OF COMPUTER TECHNOLOGY
269,1-9318844140,VADODARA,KRISHNA SCHOOL OF EMERGING TECHNOLOGY AND APPLIED RESEARCH
270,1-9318558416,BHAVNAGAR,SHANTILAL SHAH PHARMACY COLLEGE
271,1-9318558678,GANDHINAGAR,F.D.(MUBIN) INSTITUTE OF ENGINEERING & TECHNOLOGY
272,1-9318669696,GANDHINAGAR,SHREE SWAMINARAYAN INSTITUTE OF TECHNOLOGY
273,1-9318749009,SURAT,THE MANDVI EDUCATION SOCIETY INSTITUTE OF  COMPUTER STUDIES
274,1-9318772459,BHAVNAGAR,BHAVNAGAR POLYTECHNIC INSTITUTE
275,1-9318847312,KHEDA,BALASINOR COLLEGE OF POLYTECHNIC
276,1-9318749865,NAVSARI,NARAN LALA SCHOOL OF INDUSTRIAL MANAGEMENT & COMPUTER SCIENCE
277,1-9318614688,SURAT,MAHAVIR SWAMI COLLEGE OF ENGINEERING & TECHNOLOGY
278,1-9318729339,PATAN,SMT. R.S PATEL INSTITUTE OF DIPLOMA ENGINEERING
279,1-9318729626,GANDHINAGAR,ALPHA COLLEGE OF ENGINEERING & TECHNOLOGY
280,1-9318730600,VADODARA,"FACULTY OF TECHNOLOGY & ENGINEERING, THE MAHARAJA SAYAJIRAO UNIVERSITY OF BARODA"
281,1-9317635911,VADODARA,PARUL INSTITUTE OF PHARMACY AND RESEARCH
282,1-9317666755,VALSAD,"GOVERNMENT POLYTECHNIC, VALSAD"
283,1-9317804184,BANASKANTHA,GOVERNMENT ENGINEERING COLLEGE PALANPUR
284,1-9317776127,MEHSANA,S.P.B. PATEL ENGINEERING COLLEGE
285,1-9317930038,VADODARA,CENTER FOR ADVANCED STUDIES IN DESIGN AND RECONFIGURABLE COMPUTING
286,1-9317875718,THE DANGS,"GOVERNMENT POLYTECHNIC WAGHAI,DIST-DANG"
287,1-9317892006,KHEDA,D A DEGREE ENGINEERING AND TECHNOLOGY
288,1-9317892176,PANCHMAHAL,OM INSTITUTE OF TECHNOLOGY
289,1-9317876476,PATAN,HANSABA COLLEGE OF ENGINEERING & TECHNOLOGY
290,1-9317892847,GANDHINAGAR,UDAYBHANSINHJI REGIONAL INSTITUTE OF CO-OPERATIVE MANAGEMENT
291,1-9317876920,AHMEDABAD,L. D. COLLEGE OF ENGINEERING
292,1-9317892962,SURAT,JAYVANTRAI HARRAI DESAI POLYTECHNIC
293,1-9317893198,ANAND,SHIVAM PHARMACEUTICAL STUDIES & RESEARCH CENTRE
294,1-9317915575,AHMEDABAD,CHIMANBHAI PATEL INTITUTE OF MANAGEMENT & RESEARCH
295,1-9317893337,GANDHINAGAR,"GOVERNMENT ENGINEERING COLLEGE, SECTOR-28"
296,1-9317894907,AHMEDABAD,ST. KABIR INSTITUTE OF PROFESSIONAL STUDIES
297,1-9317909985,AMRELI,SMT. SHANTABEN HARIBHAI GAJERA MBA MAHILA COLLEGE
298,1-9317910376,GANDHINAGAR,ATUL POLYTECHNIC
299,1-9317915716,SURAT,CHHOTUBHAI GOPALBHAI PATEL INSTITUTE OF TECHNOLOGY
300,1-9317916225,PORBANDAR,SHREE SWAMINARAYAN INSTITUTE OF MANAGEMENT & I.T.
301,1-9317858511,RAJKOT,VIVEKANAND INSTITUTE OF HOTEL & TOURISM MANAGEMENT
302,1-9317858643,PATAN,"GOVERNMENT ENGINEERING COLLEGE, AT.KATPUR, PATAN"
303,1-9317878401,SABARKANTHA,SHRI B. M. SHAH COLLEGE OF PHARMACY
304,1-9317878541,VADODARA,SIGMA INSTITUTE OF ENGINEERING
305,1-9317864361,VADODARA,BUTLER POLYTECHNIC
306,1-9317880440,JUNAGADH,N. R. VEKARIA INSTITUTE OF BUSINESS MANAGEMENT STUDIES
307,1-9317920740,SURAT,THE MANDVI EDUCATION SOCIETY INSTITUTE OF BUSINESS MANAGEMENT AND COMPUTER STUDIES
308,1-9317920947,ANAND,SARDAR PATEL COLLEGE OF PHARMACY
309,1-9317925758,SURAT,AAERT AND THE SSB FACULTY OF ARCHITECTURE SARVAJANIK COLLEGE OF ENGINEERING AN TECHNOLOGY SURAT
310,1-9317881559,SURENDRANAGAR,C.U.SHAH POLYTECHNIC
311,1-9317881857,RAJKOT,GOVERNMENT ENGINEERING COLLEGE
312,1-9317888630,ANAND,BIRLA VISHVAKARMA MAHAVIDYALAYA
313,1-9317902564,AHMEDABAD,SAL INSTITUTE OF TECHNOLOGY & ENGINEERING RESEARCH
314,1-9317902951,AHMEDABAD,SOM-LALIT INSTITUTE OF MANAGEMENT STUDIES(SLIMS)
315,1-9317916865,RAJKOT,GEETANJALI INSTITUTE OF MANAGMENT STUDIES-RAJKOT
316,1-9317921350,BHARUCH,"SHRI K.J.POLYTECHNIC, BHARUCH"
317,1-9317921722,ANAND,POST GRADUATE DEPARTMENT OF COMPUTER SCIENCE AND TECHNOLOGY
318,1-9317903057,JAMNAGAR,"GOVERNMENT POLYTECHNIC, JAMNAGAR"
319,1-9317903286,RAJKOT,LUKHDHIRJI ENGINEERING COLLEGE
320,1-9317921852,GANDHINAGAR,LEELABEN DASHRATHBHAI RAMDAS PATEL(LDRP)INSTITUTE OF TECHNOLOGY AND RESEARCH
321,1-9317882603,MEHSANA,SMT. S. R. PATEL ENGINEERING COLLEGE
322,1-9317883037,GANDHINAGAR,KALOL INSTITUTE OF MANAGEMENT
323,1-9317890711,ANAND,INSTITUTE OF RURAL MANAGEMENT ANAND
324,1-9317903601,SURAT,BHULABHAI VANMALIBHAI PATEL INSTITUTE OF TECHNOLOGY(DIPLOMA STUDIES)
325,1-9317904018,AHMEDABAD,SAL INSTITUTE OF PHARMACY
326,1-9317905265,SURAT,GOVERNMENT POLYTECHNIC FOR GIRLS
327,1-9317917289,GANDHINAGAR,ADANI INSTITUTE OF DIGITAL TECHNOLOGY MANAGEMENT
328,1-9317922427,VADODARA,M.S. PATEL INSTITUTE OF MANAGEMENT STUDIES (FACULTY OF MANAGEMENT STUDIES)
329,1-9317929077,ANAND,"SHIVAM INSTITUTE OF COMPUTER TECHNOLOGY, VALASAN (ANAND)"
330,1-9317929160,GANDHINAGAR,GANDHINAGAR INSTITUTE OF TECHNOLOGY
331,1-9317890814,SABARKANTHA,"GOVERNMENT POLYTECHNIC, HIMATNAGAR"
332,1-9317891315,BHARUCH,NARMADA COLLEGE OF MANAGEMENT
333,1-9317905647,KUTCH,VEERAYATAN INSTITUTE OF ENGINEERING
334,1-9317906020,GANDHINAGAR,SWAMINARAYAN COLLEGE OF ENGINEERING & TECHNOLOGY(DEGREE)
335,1-9317917487,MEHSANA,MERCHANT INSTITUTE OF DIPLOMA STUDIES
336,1-9317875120,AHMEDABAD,SHAYONA INSTITUTE OF BUSINESS MANAGEMENT
337,1-9317891554,VADODARA,"POLYTECHNIC, THE MAHARAJA SAYAJIRAO UNIVERSITY OF BARODA"
338,1-9317935266,RAJKOT,DEPARTMENT OF COMPUTER SCIENCE
339,1-9317935357,RAJKOT,"RADHE INSTITUTE OF ENGINEERING & TECHNOLOGY, UPLETA"
340,1-9317932377,AHMEDABAD,SHRI CHIMANBHAI PATEL POST GRADUATE INSTITUTE OF COMPUTER APPLICATIONS
341,1-9319467979,VADODARA,PARUL INSTITUTE OF PHARMACY
342,1-9319470533,MEHSANA,INDRASHIL UNIVERSITY SCHOOL OF ENGINEERING
343,1-9319438333,MEHSANA,VIDUSH SOMANY INSTITUTE OF TECHNOLOGY AND RESEARCH
344,1-9319030134,AHMEDABAD,L. J. INSTITUTE OF COMPUTER APPLICATIONS
345,1-9319188866,VADODARA,FACULTY OF DIPLOMA ENGINEERING
346,1-9319091153,GANDHINAGAR,ENTREPRENEURSHIP DEVELOPMENT INSTITUTE OF INDIA
347,1-9319050846,NAVSARI,S.S.AGRAWAL INSTITUTE OF MANAGEMENT & TECHNOLOGY
348,1-9319024703,RAJKOT,V. V. P. ENGINEERING COLLEGE
349,1-9319053670,ANAND,INDUKAKA IPCOWALA COLLEGE OF PHARMACY
350,1-9319115173,NAVSARI,GIDC DEGREE ENGINERING COLLEGE
351,1-9319054056,VADODARA,C K SHAH VIJAPURWALA INSTITUTE OF MANAGEMENT
352,1-9319116521,VADODARA,FACULTY OF PHARMACY
353,1-9317936726,AHMEDABAD,KHYATI SCHOOL OF ENGINEERING
354,1-9317938045,JUNAGADH,DR. SUBHASH TECHNICAL CAMPUS
355,1-9317938468,JAMNAGAR,KALYAN POLYTECHNIC
356,1-9318957707,AHMEDABAD,L.J.INSTITUTE OF MANAGEMENT STUDIES
357,1-9318888780,AHMEDABAD,L.J. POLYTECHNIC
358,1-9318287095,AMRELI,K. K. PAREKH INSTITUTE OF MANAGEMENT STUDIES
359,1-9318285917,JUNAGADH,NOBLE ARCHITECTURE COLLEGE JUNAGADH
360,1-9318274419,PORBANDAR,DR. V. R. GODHANIA COLLEGE OF ENGINEERING & TECHNOLOGY
361,1-9318273987,GANDHINAGAR,S.K.PATEL INSTITUTE OF MANAGEMENT & COMPUTER STUDIES-MBA
362,1-9318271149,NAVSARI,S.S.AGRAWAL INSTITUTE OF ENGINEERING & TECHNOLOGY
363,1-9318272463,JUNAGADH,NOBLE GROUP OF INSTITUTIONS
364,1-9318273201,AMRELI,GMB POLYTECHNIC - RAJULA